{
  "dataset_file": "data/synthetic/massive_dataset/synthetic_gw_20260510_012853.h5",
  "n_events": 500,
  "samples_per_event": 16384,
  "sample_rate_hz": 4096,
  "duration_seconds": 4.0,
  "theory_distribution": {
    "RG": 432,
    "QUANTUM": 37,
    "MODIFIED_GRAVITY": 31
  },
  "strain_statistics": {
    "mean": 4.0924999500369097e-10,
    "std": 0.00014198076678439975,
    "min": -0.0014776814496144652,
    "max": 0.0014776814496144652
  }
}