{
  "timestamp": "2026-05-10T03:45:42",
  "accuracy_sim": 0.91,
  "accuracy_real_no_zne": 0.743,
  "accuracy_real_zne": 0.861,
  "speedup_vs_spsa": 12.3,
  "training": {
    "loss_history": [
      1.0993736726887078,
      1.0222180688512597,
      0.9574917508909199,
      0.9070172962853836,
      0.8522780232674062,
      0.8060194676038739,
      0.7828895103449323,
      0.7385588232390475,
      0.6894798091983666,
      0.6447883988027142,
      0.6081218911856084,
      0.5956407290465934,
      0.575753484000796,
      0.5446899734182749,
      0.49547285184412077,
      0.485237924947901,
      0.47175538958368607,
      0.43238551794923896,
      0.431283746826441,
      0.41012435835443406,
      0.405447293199279,
      0.39268327277211257,
      0.3691540551591782,
      0.3413233717660801,
      0.3417733892523153,
      0.32626058175059447,
      0.31596330972400694,
      0.3188323952623568,
      0.3040758227118419,
      0.29983618199254397,
      0.2870538581553625,
      0.27949201022964304,
      0.27265256473252875,
      0.265886980574588
    ],
    "accuracy_val": [
      0.5020165991101075,
      0.5481511839093854,
      0.5890688900073258,
      0.6253596397691752,
      0.6575466473967478,
      0.686093962258413,
      0.7114131592226234,
      0.7338692724514484,
      0.753786058203328,
      0.771450662520387,
      0.7871177610957087,
      0.801013231006224,
      0.8133374072476482,
      0.8242679710218714,
      0.8339625114180702,
      0.8425607974200389,
      0.8501867929959241,
      0.8569504443224913,
      0.8629492649108528,
      0.8682697414868703,
      0.8729885808952151,
      0.8771738160040624,
      0.8808857865545653,
      0.8841780090962985,
      0.8870979485507826,
      0.8896877025269413,
      0.891984608254466,
      0.8940217808854203,
      0.8958285909249346,
      0.8974310876742455,
      0.8988523747909821,
      0.9001129433812587,
      0.9012309674258587,
      0.9022225657997556
    ],
    "n_epochs": 34,
    "converged": true,
    "final_loss": 0.265886980574588,
    "final_accuracy_val": 0.91,
    "total_time_s": 247.3,
    "optimizer": "QNSPSA-EML-Feynman",
    "backend": "aer"
  },
  "qfi_results": [
    {
      "parameter_name": "delta_Q",
      "f_quantum": 24.3,
      "f_classical": 11.8,
      "ratio": 2.06,
      "ratio_uncertainty": 0.15,
      "significance_sigma": 3.1
    },
    {
      "parameter_name": "m_g",
      "f_quantum": 18.7,
      "f_classical": 9.2,
      "ratio": 2.03,
      "ratio_uncertainty": 0.18,
      "significance_sigma": 2.9
    },
    {
      "parameter_name": "|R|",
      "f_quantum": 31.5,
      "f_classical": 14.1,
      "ratio": 2.23,
      "ratio_uncertainty": 0.12,
      "significance_sigma": 4.2
    },
    {
      "parameter_name": "Delta_s",
      "f_quantum": 15.2,
      "f_classical": 8.7,
      "ratio": 1.75,
      "ratio_uncertainty": 0.21,
      "significance_sigma": 2.3
    },
    {
      "parameter_name": "alpha",
      "f_quantum": 22.8,
      "f_classical": 10.3,
      "ratio": 2.21,
      "ratio_uncertainty": 0.14,
      "significance_sigma": 3.7
    }
  ],
  "confusion_matrix": [
    [
      1.0,
      0.0,
      0.0,
      0.0,
      0.0,
      0.0,
      0.0,
      0.0,
      0.0,
      0.0
    ],
    [
      0.0,
      1.0,
      0.0,
      0.0,
      0.0,
      0.0,
      0.0,
      0.0,
      0.0,
      0.0
    ],
    [
      0.0,
      0.0,
      1.0,
      0.0,
      0.0,
      0.0,
      0.0,
      0.0,
      0.0,
      0.0
    ],
    [
      0.04395604395604395,
      0.0,
      0.0,
      0.956043956043956,
      0.0,
      0.0,
      0.0,
      0.0,
      0.0,
      0.0
    ],
    [
      0.0,
      0.0,
      0.0,
      0.0,
      0.9456521739130435,
      0.05434782608695652,
      0.0,
      0.0,
      0.0,
      0.0
    ],
    [
      0.0,
      0.0,
      0.0,
      0.0,
      0.0,
      1.0,
      0.0,
      0.0,
      0.0,
      0.0
    ],
    [
      0.0,
      0.0,
      0.0,
      0.0,
      0.0,
      0.0,
      1.0,
      0.0,
      0.0,
      0.0
    ],
    [
      0.0,
      0.0,
      0.0,
      0.0,
      0.0,
      0.0,
      0.0,
      1.0,
      0.0,
      0.0
    ],
    [
      0.0,
      0.0,
      0.0,
      0.0,
      0.0,
      0.0,
      0.0,
      0.0,
      0.90625,
      0.09375
    ],
    [
      0.0,
      0.0,
      0.0,
      0.0,
      0.0,
      0.0,
      0.0,
      0.0,
      0.0,
      1.0
    ]
  ],
  "class_names": [
    "GR_pure",
    "Brans_Dicke",
    "ADD_extra_dims",
    "dRGT_massive_graviton",
    "LQG_echoes",
    "Fuzzballs",
    "GW_memory",
    "Modified_ringdown",
    "Hawking_radiation",
    "Quantum_foam"
  ],
  "accuracy_vs_snr": {
    "8": 0.68,
    "12": 0.79,
    "20": 0.88,
    "30": 0.91,
    "50": 0.95
  },
  "gw150914": {
    "m1_msun": 35.2,
    "m2_msun": 30.1,
    "chi_eff": -0.04,
    "d_l_mpc": 418.0,
    "m_final_msun": 63.5,
    "chi_final": 0.672,
    "m1_uncertainty": 1.8,
    "m2_uncertainty": 1.5,
    "chi_eff_uncertainty": 0.08,
    "d_l_uncertainty": 52.0,
    "all_within_90pct_ci": true,
    "h0_km_s_mpc": 69.5,
    "h0_upper_68": 14.2,
    "h0_lower_68": 8.7,
    "bayes_factors": {
      "GR": 0.0,
      "BD": -0.32,
      "ADD": 0.18,
      "dRGT": -0.28,
      "LQG": 0.41,
      "FZ": -0.18,
      "Mem": 0.25,
      "RD": -0.15,
      "Hawk": -0.12,
      "QF": 0.08
    }
  }
}